测试套/软件包名,测试用例名,状态,与2303对比,日志文件,原因
os-basic,oe_test_c++,fail,03fail/09fail/unknown/diff,path to logs,说明原因，像只在03/09fail的在对比处填写03/09fail，两者均fail的填写缺陷相同（unknown）或不同（diff），表格名字统一为failureCause.csv

pbzip2,oe_test_pbzip2_01,succeed,unknown,./mugen-riscv/logs/pbzip2/oe_test_pbzip2_01/2023-08-08-10:45:42.log,
,oe_test_pbzip2_03,failed,unknown,./mugen-riscv/logs/pbzip2/oe_test_pbzip2_03/2023-08-08-10:47:03.log,
,oe_test_pbzip2_02,succeed,unknown,./mugen-riscv/logs/pbzip2/oe_test_pbzip2_02/2023-08-08-10:46:22.log,
libunistring,oe_test_libunistring,succeed,unknown,./mugen-riscv/logs/libunistring/oe_test_libunistring/2023-08-08-11:51:45.log,
pkgconf,oe_test_pkgconf,succeed,unknown,./mugen-riscv/logs/pkgconf/oe_test_pkgconf/2023-08-08-12:03:52.log,
spice-vdagent,oe_test_service_spice-vdagentd,succeed,unknown,./mugen-riscv/logs/spice-vdagent/oe_test_service_spice-vdagentd/2023-08-08-11:17:04.log,
,oe_test_socket_spice-vdagentd,succeed,unknown,./mugen-riscv/logs/spice-vdagent/oe_test_socket_spice-vdagentd/2023-08-08-11:18:18.log,
rdate,oe_test_rdate,succeed,03fail,./mugen-riscv/logs/rdate/oe_test_rdate/2023-08-08-12:09:36.log,
javapackages-tools,oe_test_javapackages-local,succeed,unknown,./mugen-riscv/logs/javapackages-tools/oe_test_javapackages-local/2023-08-08-10:19:26.log,
,oe_test_build-classpath,succeed,03fail,./mugen-riscv/logs/javapackages-tools/oe_test_build-classpath/2023-08-08-10:16:14.log,
,oe_test_gradle-local,failed,unknown,./mugen-riscv/logs/javapackages-tools/oe_test_gradle-local/2023-08-08-10:18:41.log,
,oe_test_build-jar-repository,succeed,03fail,./mugen-riscv/logs/javapackages-tools/oe_test_build-jar-repository/2023-08-08-10:16:39.log,
,oe_test_binary_files_operation,succeed,03fail,./mugen-riscv/logs/javapackages-tools/oe_test_binary_files_operation/2023-08-08-10:12:42.log,
,oe_test_find-shade-jar,succeed,03fail,./mugen-riscv/logs/javapackages-tools/oe_test_find-shade-jar/2023-08-08-10:17:11.log,
cockpit,oe_test_service_cockpit,failed,unknown,./mugen-riscv/logs/cockpit/oe_test_service_cockpit/2023-08-08-10:37:01.log,
,oe_test_socket_cockpit,failed,unknown,./mugen-riscv/logs/cockpit/oe_test_socket_cockpit/2023-08-08-10:38:00.log,
,oe_test_service_cockpit-motd,succeed,unknown,./mugen-riscv/logs/cockpit/oe_test_service_cockpit-motd/2023-08-08-10:36:27.log,
,oe_test_service_cockpit-wsinstance-http,failed,09fail,./mugen-riscv/logs/cockpit/oe_test_service_cockpit-wsinstance-http/2023-08-08-10:39:01.log,
libreswan,oe_test_libreswan_ipsec_02,succeed,unknown,./mugen-riscv/logs/libreswan/oe_test_libreswan_ipsec_02/2023-08-08-02:36:33.log,
,oe_test_libreswan_ipsec_whack_1,succeed,unknown,./mugen-riscv/logs/libreswan/oe_test_libreswan_ipsec_whack_1/2023-08-08-02:48:49.log,
,oe_test_libreswan_ipsec_auto_1,failed,unknown,./mugen-riscv/logs/libreswan/oe_test_libreswan_ipsec_auto_1/2023-08-08-02:40:52.log,
,oe_test_libreswan_ipsec_systemctl,failed,unknown,./mugen-riscv/logs/libreswan/oe_test_libreswan_ipsec_systemctl/2023-08-08-02:47:47.log,
,oe_test_libreswan_ipsec_01,succeed,unknown,./mugen-riscv/logs/libreswan/oe_test_libreswan_ipsec_01/2023-08-08-02:34:59.log,
,oe_test_libreswan_ipsec_check,succeed,unknown,./mugen-riscv/logs/libreswan/oe_test_libreswan_ipsec_check/2023-08-08-02:43:15.log,
,oe_test_libreswan_ipsec_whack_4,succeed,unknown,./mugen-riscv/logs/libreswan/oe_test_libreswan_ipsec_whack_4/2023-08-08-02:51:46.log,
,oe_test_libreswan_ipsec_setup,failed,unknown,./mugen-riscv/logs/libreswan/oe_test_libreswan_ipsec_setup/2023-08-08-02:45:29.log,
,oe_test_libreswan_ipsec_03,succeed,unknown,./mugen-riscv/logs/libreswan/oe_test_libreswan_ipsec_03/2023-08-08-02:37:32.log,
,oe_test_libreswan_ipsec_whack_2,succeed,unknown,./mugen-riscv/logs/libreswan/oe_test_libreswan_ipsec_whack_2/2023-08-08-02:49:49.log,
,oe_test_libreswan_ipsec_auto_2,failed,unknown,./mugen-riscv/logs/libreswan/oe_test_libreswan_ipsec_auto_2/2023-08-08-02:42:04.log,
,oe_test_service_ipsec,failed,unknown,./mugen-riscv/logs/libreswan/oe_test_service_ipsec/2023-08-08-02:52:44.log,
,oe_test_libreswan_ipsec_showhostkey_nss,failed,unknown,./mugen-riscv/logs/libreswan/oe_test_libreswan_ipsec_showhostkey_nss/2023-08-08-02:46:34.log,
,oe_test_libreswan_ipsec_whack_3,succeed,unknown,./mugen-riscv/logs/libreswan/oe_test_libreswan_ipsec_whack_3/2023-08-08-02:50:47.log,
,oe_test_libreswan_ipsec_pluto,succeed,unknown,./mugen-riscv/logs/libreswan/oe_test_libreswan_ipsec_pluto/2023-08-08-02:44:29.log,
,oe_test_libreswan_ipsec_addconn,failed,unknown,./mugen-riscv/logs/libreswan/oe_test_libreswan_ipsec_addconn/2023-08-08-02:38:40.log,
,oe_test_libreswan_ipsec_algparse,succeed,unknown,./mugen-riscv/logs/libreswan/oe_test_libreswan_ipsec_algparse/2023-08-08-02:39:49.log,
,oe_test_host_to_host_vpn,failed,unknown,./mugen-riscv/logs/libreswan/oe_test_host_to_host_vpn/2023-08-08-02:54:13.log,
,oe_test_site_to_site_vpn,failed,unknown,./mugen-riscv/logs/libreswan/oe_test_site_to_site_vpn/journelctl_for_2023-08-08-02:56:01.log,
xinetd,oe_test_service_xinetd,succeed,unknown,./mugen-riscv/logs/xinetd/oe_test_service_xinetd/2023-08-08-11:20:53.log,
,oe_test_service_xinetd_002,succeed,unknown,./mugen-riscv/logs/xinetd/oe_test_service_xinetd_002/2023-08-08-11:22:05.log,
openldap,oe_test_service_slapd,succeed,unknown,./mugen-riscv/logs/openldap/oe_test_service_slapd/2023-08-08-11:58:46.log,
cyrus-sasl,oe_test_service_saslauthd,succeed,unknown,./mugen-riscv/logs/cyrus-sasl/oe_test_service_saslauthd/2023-08-08-11:34:05.log,
anaconda,oe_test_service_anaconda-pre,succeed,unknown,./mugen-riscv/logs/anaconda/oe_test_service_anaconda-pre/2023-08-08-03:50:35.log,
,oe_test_service_anaconda-sshd,succeed,unknown,./mugen-riscv/logs/anaconda/oe_test_service_anaconda-sshd/2023-08-08-03:51:10.log,
,oe_test_service_anaconda-direct,succeed,unknown,./mugen-riscv/logs/anaconda/oe_test_service_anaconda-direct/2023-08-08-03:35:33.log,
,oe_test_service_anaconda-nm-config,succeed,unknown,./mugen-riscv/logs/anaconda/oe_test_service_anaconda-nm-config/2023-08-08-03:50:00.log,
,oe_test_service_instperf,succeed,unknown,./mugen-riscv/logs/anaconda/oe_test_service_instperf/2023-08-08-03:51:28.log,
,oe_test_service_anaconda-noshell,succeed,unknown,./mugen-riscv/logs/anaconda/oe_test_service_anaconda-noshell/2023-08-08-03:50:17.log,
,oe_test_service_zram,failed,unknown,./mugen-riscv/logs/anaconda/oe_test_service_zram/2023-08-08-03:51:46.log,
,oe_test_service_anaconda,succeed,unknown,./mugen-riscv/logs/anaconda/oe_test_service_anaconda/2023-08-08-03:50:53.log,
,oe_test_target_anaconda,succeed,unknown,./mugen-riscv/logs/anaconda/oe_test_target_anaconda/2023-08-08-03:52:29.log,
,oe_test_service_anaconda-fips,succeed,unknown,./mugen-riscv/logs/anaconda/oe_test_service_anaconda-fips/2023-08-08-03:52:45.log,
nss-pam-ldapd,oe_test_service_nslcd,succeed,unknown,./mugen-riscv/logs/nss-pam-ldapd/oe_test_service_nslcd/2023-08-08-11:56:09.log,
asciidoc,oe_test_asciidoc_a2x_03,failed,09fail,./mugen-riscv/logs/asciidoc/oe_test_asciidoc_a2x_03/2023-08-08-10:35:01.log,
,oe_test_asciidoc_asciidoc_01,succeed,unknown,./mugen-riscv/logs/asciidoc/oe_test_asciidoc_asciidoc_01/2023-08-09-10:34:55.log,
,oe_test_asciidoc_a2x_02,succeed,unknown,./mugen-riscv/logs/asciidoc/oe_test_asciidoc_a2x_02/2023-08-09-10:42:06.log,
,oe_test_asciidoc_a2x_01,succeed,unknown,./mugen-riscv/logs/asciidoc/oe_test_asciidoc_a2x_01/2023-08-08-18:53:22.log,
,oe_test_asciidoc_asciidoc_02,succeed,unknown,./mugen-riscv/logs/asciidoc/oe_test_asciidoc_asciidoc_02/2023-08-08-16:57:49.log,
haveged,oe_test_service_haveged,succeed,unknown,./mugen-riscv/logs/haveged/oe_test_service_haveged/2023-08-08-11:44:26.log,
createrepo_c,oe_test_createrepo_c_local_repo,succeed,unknown,./mugen-riscv/logs/createrepo_c/oe_test_createrepo_c_local_repo/2023-08-08-12:38:05.log,
iptables,oe_test_ip6tables-save,failed,unknown,./mugen-riscv/logs/iptables/oe_test_ip6tables-save/2023-08-08-10:23:52.log,
,oe_test_service_iptables,failed,unknown,./mugen-riscv/logs/iptables/oe_test_service_iptables/2023-08-08-10:22:24.log,
,oe_test_service_ip6tables,failed,unknown,./mugen-riscv/logs/iptables/oe_test_service_ip6tables/2023-08-08-10:21:44.log,
,oe_test_iptables-restore,failed,unknown,./mugen-riscv/logs/iptables/oe_test_iptables-restore/2023-08-08-10:23:06.log,
,oe_test_ip6tables-restore_01,failed,unknown,./mugen-riscv/logs/iptables/oe_test_ip6tables-restore_01/2023-08-08-10:24:37.log,
brltty,oe_test_service_brltty,succeed,unknown,./mugen-riscv/logs/brltty/oe_test_service_brltty/2023-08-08-11:28:38.log,
nfs-utils,oe_test_service_nfs-lock,succeed,unknown,./mugen-riscv/logs/nfs-utils/oe_test_service_nfs-lock/2023-08-08-03:05:31.log,
,oe_test_service_auth-rpcgss-module,succeed,unknown,./mugen-riscv/logs/nfs-utils/oe_test_service_auth-rpcgss-module/2023-08-08-02:59:16.log,
,oe_test_service_rpc-statd,succeed,unknown,./mugen-riscv/logs/nfs-utils/oe_test_service_rpc-statd/2023-08-08-03:17:05.log,
,oe_test_service_nfs-blkmap,succeed,unknown,./mugen-riscv/logs/nfs-utils/oe_test_service_nfs-blkmap/2023-08-08-03:00:32.log,
,oe_test_target_rpc_pipefs,succeed,unknown,./mugen-riscv/logs/nfs-utils/oe_test_target_rpc_pipefs/2023-08-08-03:19:35.log,
,oe_test_service_nfsdcld,succeed,unknown,./mugen-riscv/logs/nfs-utils/oe_test_service_nfsdcld/2023-08-08-03:01:49.log,
,oe_test_service_nfs-idmap,succeed,unknown,./mugen-riscv/logs/nfs-utils/oe_test_service_nfs-idmap/2023-08-08-03:04:17.log,
,oe_test_service_nfs-server,succeed,unknown,./mugen-riscv/logs/nfs-utils/oe_test_service_nfs-server/2023-08-08-03:10:43.log,
,oe_test_service_nfs-secure,succeed,unknown,./mugen-riscv/logs/nfs-utils/oe_test_service_nfs-secure/2023-08-08-03:09:29.log,
,oe_test_service_nfs-mountd,succeed,unknown,./mugen-riscv/logs/nfs-utils/oe_test_service_nfs-mountd/2023-08-08-03:08:14.log,
,oe_test_service_nfs,succeed,unknown,./mugen-riscv/logs/nfs-utils/oe_test_service_nfs/2023-08-08-03:12:05.log,
,oe_test_service_rpc-statd-notify,succeed,unknown,./mugen-riscv/logs/nfs-utils/oe_test_service_rpc-statd-notify/2023-08-08-03:15:52.log,
,oe_test_target_nfs-client,succeed,unknown,./mugen-riscv/logs/nfs-utils/oe_test_target_nfs-client/2023-08-08-03:18:19.log,
,oe_test_service_nfs-utils,succeed,unknown,./mugen-riscv/logs/nfs-utils/oe_test_service_nfs-utils/2023-08-08-03:13:26.log,
,oe_test_service_rpc-gssd,succeed,unknown,./mugen-riscv/logs/nfs-utils/oe_test_service_rpc-gssd/2023-08-08-03:14:39.log,
,oe_test_service_nfs-idmapd,succeed,unknown,./mugen-riscv/logs/nfs-utils/oe_test_service_nfs-idmapd/2023-08-08-03:03:03.log,
lldpad,oe_test_service_lldpad,succeed,03fail,./mugen-riscv/logs/lldpad/oe_test_service_lldpad/2023-08-08-11:04:16.log,
,oe_test_socket_lldpad,succeed,unknown,./mugen-riscv/logs/lldpad/oe_test_socket_lldpad/2023-08-08-11:05:30.log,
ostree,oe_test_service_ostree-finalize-staged,succeed,unknown,./mugen-riscv/logs/ostree/oe_test_service_ostree-finalize-staged/2023-08-08-12:01:23.log,
colord,oe_test_service_colord,succeed,unknown,./mugen-riscv/logs/colord/oe_test_service_colord/2023-08-08-11:31:30.log,
git,oe_test_socket_git,succeed,unknown,./mugen-riscv/logs/git/oe_test_socket_git/2023-08-08-11:41:41.log,
telnet,oe_test_socket_telnet,succeed,unknown,./mugen-riscv/logs/telnet/oe_test_socket_telnet/2023-08-08-12:13:54.log,
rrdtool,oe_test_service_rrdcached,succeed,unknown,./mugen-riscv/logs/rrdtool/oe_test_service_rrdcached/2023-08-08-00:03:59.log,
,oe_test_rrdtool_create_01,succeed,unknown,./mugen-riscv/logs/rrdtool/oe_test_rrdtool_create_01/2023-08-08-00:06:54.log,
,oe_test_rrdtool_graphv_09,succeed,unknown,./mugen-riscv/logs/rrdtool/oe_test_rrdtool_graphv_09/2023-08-08-00:30:17.log,
,oe_test_rrdtool_update,succeed,unknown,./mugen-riscv/logs/rrdtool/oe_test_rrdtool_update/2023-08-08-00:09:04.log,
,oe_test_rrdtool_graphv_10,succeed,unknown,./mugen-riscv/logs/rrdtool/oe_test_rrdtool_graphv_10/2023-08-08-00:31:25.log,
,oe_test_rrdtool_graph_04,succeed,unknown,./mugen-riscv/logs/rrdtool/oe_test_rrdtool_graph_04/2023-08-08-00:13:25.log,
,oe_test_rrdtool_graph_07,succeed,unknown,./mugen-riscv/logs/rrdtool/oe_test_rrdtool_graph_07/2023-08-08-00:16:47.log,
,oe_test_rrdtool_graphv_05,succeed,unknown,./mugen-riscv/logs/rrdtool/oe_test_rrdtool_graphv_05/2023-08-08-00:25:44.log,
,oe_test_rrdtool_rrdcreate_02,succeed,unknown,./mugen-riscv/logs/rrdtool/oe_test_rrdtool_rrdcreate_02/2023-08-08-00:43:24.log,
,oe_test_rrdtool_graph_10,succeed,unknown,./mugen-riscv/logs/rrdtool/oe_test_rrdtool_graph_10/2023-08-08-00:20:09.log,
,oe_test_rrdtool_graphv_08,succeed,unknown,./mugen-riscv/logs/rrdtool/oe_test_rrdtool_graphv_08/2023-08-08-00:29:09.log,
,oe_test_rrdtool_graph_08,succeed,unknown,./mugen-riscv/logs/rrdtool/oe_test_rrdtool_graph_08/2023-08-08-00:17:54.log,
,oe_test_rrdtool_graph_03,succeed,unknown,./mugen-riscv/logs/rrdtool/oe_test_rrdtool_graph_03/2023-08-08-00:12:19.log,
,oe_test_rrdtool_rrdcreate_01,succeed,unknown,./mugen-riscv/logs/rrdtool/oe_test_rrdtool_rrdcreate_01/2023-08-08-00:42:20.log,
,oe_test_rrdtool_fetch,succeed,unknown,./mugen-riscv/logs/rrdtool/oe_test_rrdtool_fetch/2023-08-08-00:34:39.log,
,oe_test_rrdtool_rrdcached_01,succeed,unknown,./mugen-riscv/logs/rrdtool/oe_test_rrdtool_rrdcached_01/2023-08-08-00:40:10.log,
,oe_test_rrdtool_graph_02,succeed,unknown,./mugen-riscv/logs/rrdtool/oe_test_rrdtool_graph_02/2023-08-08-00:11:14.log,
,oe_test_rrdtool_xport_01,succeed,unknown,./mugen-riscv/logs/rrdtool/oe_test_rrdtool_xport_01/2023-08-08-00:36:57.log,
,oe_test_rrdtool_rrdcached_02,succeed,unknown,./mugen-riscv/logs/rrdtool/oe_test_rrdtool_rrdcached_02/2023-08-08-00:41:14.log,
,oe_test_rrdtool_create_02,succeed,unknown,./mugen-riscv/logs/rrdtool/oe_test_rrdtool_create_02/2023-08-08-00:08:00.log,
,oe_test_rrdtool_graphv_02,succeed,unknown,./mugen-riscv/logs/rrdtool/oe_test_rrdtool_graphv_02/2023-08-08-00:22:21.log,
,oe_test_rrdtool_dump,succeed,unknown,./mugen-riscv/logs/rrdtool/oe_test_rrdtool_dump/2023-08-08-00:32:30.log,
,oe_test_rrdtool_graph_01,succeed,unknown,./mugen-riscv/logs/rrdtool/oe_test_rrdtool_graph_01/2023-08-08-00:10:11.log,
,oe_test_rrdtool_graph_06,succeed,unknown,./mugen-riscv/logs/rrdtool/oe_test_rrdtool_graph_06/2023-08-08-00:15:41.log,
,oe_test_rrdtool_restore,succeed,unknown,./mugen-riscv/logs/rrdtool/oe_test_rrdtool_restore/2023-08-08-00:33:34.log,
,oe_test_socket_rrdcached,succeed,unknown,./mugen-riscv/logs/rrdtool/oe_test_socket_rrdcached/2023-08-08-00:05:30.log,
,oe_test_rrdtool_graph_09,succeed,unknown,./mugen-riscv/logs/rrdtool/oe_test_rrdtool_graph_09/2023-08-08-00:19:01.log,
,oe_test_rrdtool_graph_05,succeed,unknown,./mugen-riscv/logs/rrdtool/oe_test_rrdtool_graph_05/2023-08-08-00:14:33.log,
,oe_test_rrdtool_graphv_03,succeed,unknown,./mugen-riscv/logs/rrdtool/oe_test_rrdtool_graphv_03/2023-08-08-00:23:29.log,
,oe_test_rrdtool_info,succeed,unknown,./mugen-riscv/logs/rrdtool/oe_test_rrdtool_info/2023-08-08-00:35:52.log,
,oe_test_rrdtool_graphv_04,succeed,unknown,./mugen-riscv/logs/rrdtool/oe_test_rrdtool_graphv_04/2023-08-08-00:24:36.log,
,oe_test_rrdtool_flushcached,succeed,unknown,./mugen-riscv/logs/rrdtool/oe_test_rrdtool_flushcached/2023-08-08-00:39:04.log,
,oe_test_rrdtool_xport_02,succeed,unknown,./mugen-riscv/logs/rrdtool/oe_test_rrdtool_xport_02/2023-08-08-00:38:01.log,
,oe_test_rrdtool_graphv_07,succeed,unknown,./mugen-riscv/logs/rrdtool/oe_test_rrdtool_graphv_07/2023-08-08-00:28:01.log,
,oe_test_rrdtool_graphv_01,succeed,unknown,./mugen-riscv/logs/rrdtool/oe_test_rrdtool_graphv_01/2023-08-08-00:21:15.log,
,oe_test_rrdtool_graphv_06,succeed,unknown,./mugen-riscv/logs/rrdtool/oe_test_rrdtool_graphv_06/2023-08-08-00:26:51.log,
lxc,oe_test_lxc_ls_monitor,failed,unknown,./mugen-riscv/logs/lxc/oe_test_lxc_ls_monitor/2023-08-08-03:26:01.log,
,oe_test_lxc_device_copy,failed,unknown,./mugen-riscv/logs/lxc/oe_test_lxc_device_copy/2023-08-08-03:28:35.log,
,oe_test_lxc_snapshot_start,failed,unknown,./mugen-riscv/logs/lxc/oe_test_lxc_snapshot_start/2023-08-08-03:29:24.log,
,oe_test_lxc_autostart_cgroup,failed,unknown,./mugen-riscv/logs/lxc/oe_test_lxc_autostart_cgroup/2023-08-08-03:27:44.log,
,oe_test_lxc_create_attach,failed,unknown,./mugen-riscv/logs/lxc/oe_test_lxc_create_attach/2023-08-08-03:25:10.log,
,oe_test_lxc_checkconfig_console,succeed,unknown,./mugen-riscv/logs/lxc/oe_test_lxc_checkconfig_console/2023-08-08-03:31:09.log,
,oe_test_lxc_stop_top,failed,unknown,./mugen-riscv/logs/lxc/oe_test_lxc_stop_top/2023-08-08-03:32:18.log,
,oe_test_lxc_info,failed,unknown,./mugen-riscv/logs/lxc/oe_test_lxc_info/2023-08-08-03:33:09.log,
,oe_test_service_lxc-net,succeed,03fail,./mugen-riscv/logs/lxc/oe_test_service_lxc-net/2023-08-08-03:22:14.log,
,oe_test_lxc_unshare_update,failed,09fail,./mugen-riscv/logs/lxc/oe_test_lxc_unshare_update/2023-08-08-03:30:15.log,
,oe_test_service_lxc,succeed,unknown,./mugen-riscv/logs/lxc/oe_test_service_lxc/2023-08-08-03:23:29.log,
,oe_test_lxc_execute_freeze,succeed,unknown,./mugen-riscv/logs/lxc/oe_test_lxc_execute_freeze/2023-08-08-03:31:46.log,
,oe_test_lxc_unfreeze_destroy,failed,unknown,./mugen-riscv/logs/lxc/oe_test_lxc_unfreeze_destroy/2023-08-08-03:26:51.log,
attr,oe_test_attr,succeed,unknown,./mugen-riscv/logs/attr/oe_test_attr/2023-08-08-11:27:01.log,
PackageKit,oe_test_service_packagekit,succeed,unknown,./mugen-riscv/logs/PackageKit/oe_test_service_packagekit/2023-08-08-10:55:16.log,
,oe_test_packagekit_pkcon,failed,unknown,./mugen-riscv/logs/PackageKit/oe_test_packagekit_pkcon/2023-08-08-10:57:28.log,
,oe_test_service_packagekit-offline-update,succeed,unknown,./mugen-riscv/logs/PackageKit/oe_test_service_packagekit-offline-update/2023-08-08-10:53:17.log,
rsyslog,oe_test_rsyslog_function_postgreSQL,succeed,unknown,./mugen-riscv/logs/rsyslog/oe_test_rsyslog_function_postgreSQL/journelctl_for_2023-08-08-00:50:14.log,
,oe_test_rsyslog_function_relp,failed,unknown,./mugen-riscv/logs/rsyslog/oe_test_rsyslog_function_relp/2023-08-08-00:53:00.log,
,oe_test_rsyslog_parameter02,failed,09fail,./mugen-riscv/logs/rsyslog/oe_test_rsyslog_parameter02/2023-08-08-01:27:22.log,
,oe_test_rsyslog_abnormal_config,failed,09fail,./mugen-riscv/logs/rsyslog/oe_test_rsyslog_abnormal_config/2023-08-08-00:45:57.log,
,oe_test_rsyslog_reliability_operation,succeed,unknown,./mugen-riscv/logs/rsyslog/oe_test_rsyslog_reliability_operation/2023-08-08-02:28:49.log,
,oe_test_rsyslog_function_tcp_firewall,failed,unknown,./mugen-riscv/logs/rsyslog/oe_test_rsyslog_function_tcp_firewall/2023-08-08-01:25:00.log,
,oe_test_rsyslog_function_udp,failed,unknown,./mugen-riscv/logs/rsyslog/oe_test_rsyslog_function_udp/2023-08-08-01:26:07.log,
,oe_test_rsyslog_parameter03,failed,09fail,./mugen-riscv/logs/rsyslog/oe_test_rsyslog_parameter03/2023-08-08-01:27:35.log,
,oe_test_rsyslog_function_rainerscript,failed,09fail,./mugen-riscv/logs/rsyslog/oe_test_rsyslog_function_rainerscript/systemctl_for_2023-08-08-00:52:45.log,
,oe_test_rsyslog_abnormal_template,failed,unknown,./mugen-riscv/logs/rsyslog/oe_test_rsyslog_abnormal_template/2023-08-08-00:46:07.log,
,oe_test_rsyslog_function_template,failed,09fail,./mugen-riscv/logs/rsyslog/oe_test_rsyslog_function_template/2023-08-08-01:25:45.log,
,oe_test_rsyslog_function_attribute,failed,unknown,./mugen-riscv/logs/rsyslog/oe_test_rsyslog_function_attribute/2023-08-08-00:46:52.log,
,oe_test_rsyslog_parameter01,failed,09fail,./mugen-riscv/logs/rsyslog/oe_test_rsyslog_parameter01/2023-08-08-01:27:07.log,
,oe_test_service_rsyslog,failed,09fail,./mugen-riscv/logs/rsyslog/oe_test_service_rsyslog/2023-08-08-02:32:23.log,
,oe_test_rsyslog_function_tcp,failed,unknown,./mugen-riscv/logs/rsyslog/oe_test_rsyslog_function_tcp/2023-08-08-01:24:17.log,
,oe_test_rsyslog_function_imfile,failed,09fail,./mugen-riscv/logs/rsyslog/oe_test_rsyslog_function_imfile/2023-08-08-00:50:06.log,
,oe_test_rsyslog_function_wildcard,failed,09fail,./mugen-riscv/logs/rsyslog/oe_test_rsyslog_function_wildcard/2023-08-08-01:26:41.log,
,oe_test_rsyslog_reliability_restart,failed,09fail,./mugen-riscv/logs/rsyslog/oe_test_rsyslog_reliability_restart/2023-08-08-02:28:55.log,
,oe_test_rsyslog_reliability_lenght,failed,unknown,./mugen-riscv/logs/rsyslog/oe_test_rsyslog_reliability_lenght/2023-08-08-01:57:59.log,
,oe_test_rsyslog_reliability_tcp,failed,unknown,./mugen-riscv/logs/rsyslog/oe_test_rsyslog_reliability_tcp/2023-08-08-02:30:58.log,
,oe_test_rsyslog_function_facility,failed,09fail,./mugen-riscv/logs/rsyslog/oe_test_rsyslog_function_facility/2023-08-08-00:47:50.log,
,oe_test_rsyslog_reliability_network,failed,unknown,./mugen-riscv/logs/rsyslog/oe_test_rsyslog_reliability_network/2023-08-08-01:58:42.log,
,oe_test_rsyslog_function_priority,failed,09fail,./mugen-riscv/logs/rsyslog/oe_test_rsyslog_function_priority/systemctl_for_2023-08-08-00:51:49.log,
,oe_test_rsyslog_function_discard,failed,09fail,./mugen-riscv/logs/rsyslog/oe_test_rsyslog_function_discard/2023-08-08-00:47:34.log,
,oe_test_rsyslog_parameter04,failed,09fail,./mugen-riscv/logs/rsyslog/oe_test_rsyslog_parameter04/2023-08-08-01:57:42.log,
,oe_test_rsyslog_function_shell,failed,09fail,./mugen-riscv/logs/rsyslog/oe_test_rsyslog_function_shell/2023-08-08-00:54:10.log,
,oe_test_rsyslog_function_httpd,failed,unknown,./mugen-riscv/logs/rsyslog/oe_test_rsyslog_function_httpd/2023-08-08-00:48:49.log,
pesign,oe_test_pesign_pesign-client_01,succeed,unknown,./mugen-riscv/logs/pesign/oe_test_pesign_pesign-client_01/2023-08-08-10:16:09.log,
,oe_test_pesign_efisiglist,failed,unknown,./mugen-riscv/logs/pesign/oe_test_pesign_efisiglist/2023-08-08-10:12:27.log,
,oe_test_pesign_efikeygen,failed,unknown,./mugen-riscv/logs/pesign/oe_test_pesign_efikeygen/2023-08-08-10:11:30.log,
,oe_test_pesign_pesign-client_02,succeed,unknown,./mugen-riscv/logs/pesign/oe_test_pesign_pesign-client_02/2023-08-08-10:17:00.log,
,oe_test_pesign_authvar,succeed,unknown,./mugen-riscv/logs/pesign/oe_test_pesign_authvar/2023-08-08-10:15:18.log,
,oe_test_pesign_base_01,succeed,unknown,./mugen-riscv/logs/pesign/oe_test_pesign_base_01/2023-08-08-10:13:26.log,
,oe_test_pesign_pesigcheck,failed,unknown,./mugen-riscv/logs/pesign/oe_test_pesign_pesigcheck/2023-08-08-10:18:00.log,
,oe_test_service_pesign,succeed,unknown,./mugen-riscv/logs/pesign/oe_test_service_pesign/2023-08-08-10:09:36.log,
,oe_test_pesign_base_02,failed,unknown,./mugen-riscv/logs/pesign/oe_test_pesign_base_02/2023-08-08-10:14:18.log,
udisks2,oe_test_service_udisks2,succeed,03fail,./mugen-riscv/logs/udisks2/oe_test_service_udisks2/2023-08-08-12:16:25.log,
postfix,oe_test_service_postfix,succeed,unknown,./mugen-riscv/logs/postfix/oe_test_service_postfix/2023-08-08-11:08:03.log,
,oe_test_postfix_configuration,succeed,unknown,./mugen-riscv/logs/postfix/oe_test_postfix_configuration/2023-08-08-11:10:21.log,
httpd,oe_test_service_httpd-init,succeed,unknown,./mugen-riscv/logs/httpd/oe_test_service_httpd-init/2023-08-08-10:28:02.log,
,oe_test_service_htcacheclean,succeed,unknown,./mugen-riscv/logs/httpd/oe_test_service_htcacheclean/2023-08-08-10:26:47.log,
,oe_test_service_httpd,succeed,unknown,./mugen-riscv/logs/httpd/oe_test_service_httpd/2023-08-08-10:28:56.log,
,oe_test_socket_httpd,succeed,unknown,./mugen-riscv/logs/httpd/oe_test_socket_httpd/2023-08-08-10:30:20.log,
keepalived,oe_test_service_keepalived,failed,unknown,./mugen-riscv/logs/keepalived/oe_test_service_keepalived/2023-08-08-11:47:02.log,
mksh,oe_test_mksh,succeed,unknown,./mugen-riscv/logs/mksh/oe_test_mksh/2023-08-08-11:53:54.log,
wpa_supplicant,oe_test_service_wpa_supplicant,succeed,unknown,./mugen-riscv/logs/wpa_supplicant/oe_test_service_wpa_supplicant/2023-08-08-12:35:34.log,
slang,oe_test_slang_001,succeed,unknown,./mugen-riscv/logs/slang/oe_test_slang_001/2023-08-08-12:11:59.log,
OpenIPMI,oe_test_service_ipmi,failed,unknown,./mugen-riscv/logs/OpenIPMI/oe_test_service_ipmi/2023-08-08-11:24:14.log,
dhcp,oe_test_service_dhcrelay,failed,unknown,./mugen-riscv/logs/dhcp/oe_test_service_dhcrelay/2023-08-08-10:21:40.log,
,oe_test_service_dhcpd,failed,unknown,./mugen-riscv/logs/dhcp/oe_test_service_dhcpd/2023-08-08-10:21:02.log,
,oe_test_service_dhcpd6,failed,unknown,./mugen-riscv/logs/dhcp/oe_test_service_dhcpd6/2023-08-08-10:20:22.log,
,oe_test_allocate_ipv4_addresses_dhcpd,succeed,unknown,./mugen-riscv/logs/dhcp/oe_test_allocate_ipv4_addresses_dhcpd/2023-08-08-10:22:18.log,
,oe_test_allocate_ipv6_addresses_dhcpd,succeed,unknown,./mugen-riscv/logs/dhcp/oe_test_allocate_ipv6_addresses_dhcpd/2023-08-08-10:23:20.log,
dos2unix,oe_test_dos2unix,succeed,unknown,./mugen-riscv/logs/dos2unix/oe_test_dos2unix/2023-08-08-11:36:40.log,
protobuf,oe_test_protobuf,succeed,unknown,./mugen-riscv/logs/protobuf/oe_test_protobuf/2023-08-08-12:06:06.log,
libgpg-error,oe_test_libgpg-error,succeed,unknown,./mugen-riscv/logs/libgpg-error/oe_test_libgpg-error/2023-08-08-11:50:00.log,
fprintd,oe_test_service_fprintd,succeed,unknown,./mugen-riscv/logs/fprintd/oe_test_service_fprintd/2023-08-08-11:38:50.log,
fakeroot,oe_test_fakeroot_faked,succeed,unknown,./mugen-riscv/logs/fakeroot/oe_test_fakeroot_faked/2023-08-08-11:02:05.log,
,oe_test_fakeroot_base,succeed,unknown,./mugen-riscv/logs/fakeroot/oe_test_fakeroot_base/2023-08-08-11:01:20.log,
protobuf-c,oe_test_protobuf-c_01,succeed,unknown,./mugen-riscv/logs/protobuf-c/oe_test_protobuf-c_01/2023-08-08-12:42:34.log,
libcanberra,oe_test_service_canberra-system-bootup,succeed,unknown,./mugen-riscv/logs/libcanberra/oe_test_service_canberra-system-bootup/2023-08-08-10:41:25.log,
,oe_test_service_canberra-system-shutdown-reboot,succeed,unknown,./mugen-riscv/logs/libcanberra/oe_test_service_canberra-system-shutdown-reboot/2023-08-08-10:42:23.log,
,oe_test_service_canberra-system-shutdown,succeed,unknown,./mugen-riscv/logs/libcanberra/oe_test_service_canberra-system-shutdown/2023-08-08-10:43:20.log,
mc,oe_test_mc_base_01,failed,unknown,./mugen-riscv/logs/mc/oe_test_mc_base_01/2023-08-08-10:33:01.log,
,oe_test_mcdiff_01,succeed,unknown,./mugen-riscv/logs/mc/oe_test_mcdiff_01/2023-08-08-10:33:46.log,
,oe_test_mcedit_base_01,failed,unknown,./mugen-riscv/logs/mc/oe_test_mcedit_base_01/2023-08-08-10:34:23.log,
,oe_test_mcview_base_01,failed,unknown,./mugen-riscv/logs/mc/oe_test_mcview_base_01/2023-08-08-10:34:42.log,
tree,oe_test_tree,succeed,unknown,./mugen-riscv/logs/tree/oe_test_tree/2023-08-08-12:40:29.log,
systemd,oe_test_target_kexec,succeed,unknown,./mugen-riscv/logs/systemd/oe_test_target_kexec/2023-08-08-00:55:30.log,
,oe_test_target_ctrl-alt-del,succeed,unknown,./mugen-riscv/logs/systemd/oe_test_target_ctrl-alt-del/2023-08-08-00:50:07.log,
,oe_test_service_systemd-machined,failed,09fail,./mugen-riscv/logs/systemd/oe_test_service_systemd-machined/2023-08-08-00:26:01.log,
,oe_test_service_systemd-timedated,failed,09fail,./mugen-riscv/logs/systemd/oe_test_service_systemd-timedated/2023-08-08-00:33:18.log,
,oe_test_target_machines,failed,09fail,./mugen-riscv/logs/systemd/oe_test_target_machines/2023-08-08-00:56:27.log,
,oe_test_service_systemd-suspend-then-hibernate,succeed,unknown,./mugen-riscv/logs/systemd/oe_test_service_systemd-suspend-then-hibernate/2023-08-08-00:32:00.log,
,oe_test_target_boot-complete,failed,09fail,./mugen-riscv/logs/systemd/oe_test_target_boot-complete/2023-08-08-00:48:46.log,
,oe_test_target_umount,failed,09fail,./mugen-riscv/logs/systemd/oe_test_target_umount/2023-08-08-01:10:27.log,
,oe_test_socket_systemd-userdbd,failed,unknown,./mugen-riscv/logs/systemd/oe_test_socket_systemd-userdbd/2023-08-08-01:12:08.log,
,oe_test_service_dbus-org.freedesktop.hostname1,succeed,unknown,./mugen-riscv/logs/systemd/oe_test_service_dbus-org.freedesktop.hostname1/2023-08-08-00:04:34.log,
,oe_test_service_systemd-boot-system-token,succeed,unknown,./mugen-riscv/logs/systemd/oe_test_service_systemd-boot-system-token/2023-08-08-00:16:47.log,
,oe_test_service_systemd-initctl,failed,unknown,./mugen-riscv/logs/systemd/oe_test_service_systemd-initctl/2023-08-08-00:19:41.log,
,oe_test_service_systemd-udev-trigger,failed,09fail,./mugen-riscv/logs/systemd/oe_test_service_systemd-udev-trigger/2023-08-08-00:37:08.log,
,oe_test_service_dbus-org.freedesktop.login1,failed,09fail,./mugen-riscv/logs/systemd/oe_test_service_dbus-org.freedesktop.login1/2023-08-08-00:06:50.log,
,oe_test_target_suspend,succeed,unknown,./mugen-riscv/logs/systemd/oe_test_target_suspend/2023-08-08-01:07:15.log,
,oe_test_target_runlevel4,failed,09fail,./mugen-riscv/logs/systemd/oe_test_target_runlevel4/2023-08-08-01:03:55.log,
,oe_test_target_halt,succeed,unknown,./mugen-riscv/logs/systemd/oe_test_target_halt/2023-08-08-00:52:55.log,
,oe_test_service_systemd-tmpfiles-setup-dev,failed,09fail,./mugen-riscv/logs/systemd/oe_test_service_systemd-tmpfiles-setup-dev/2023-08-08-00:35:10.log,
,oe_test_target_cryptsetup-pre,failed,unknown,./mugen-riscv/logs/systemd/oe_test_target_cryptsetup-pre/2023-08-08-00:49:20.log,
,oe_test_service_systemd-portabled,failed,unknown,./mugen-riscv/logs/systemd/oe_test_service_systemd-portabled/2023-08-08-00:28:18.log,
,oe_test_service_systemd-localed,failed,09fail,./mugen-riscv/logs/systemd/oe_test_service_systemd-localed/2023-08-08-00:24:53.log,
,oe_test_service_systemd-tmpfiles-setup,failed,09fail,./mugen-riscv/logs/systemd/oe_test_service_systemd-tmpfiles-setup/2023-08-08-00:35:44.log,
,oe_test_service_dbus-org.freedesktop.portable1,failed,unknown,./mugen-riscv/logs/systemd/oe_test_service_dbus-org.freedesktop.portable1/2023-08-08-00:08:05.log,
,oe_test_target_first-boot-complete,failed,09fail,./mugen-riscv/logs/systemd/oe_test_target_first-boot-complete/2023-08-08-01:12:43.log,
,oe_test_target_nss-lookup,failed,09fail,./mugen-riscv/logs/systemd/oe_test_target_nss-lookup/2023-08-08-00:58:35.log,
,oe_test_service_systemd-networkd,failed,unknown,./mugen-riscv/logs/systemd/oe_test_service_systemd-networkd/2023-08-08-00:27:00.log,
,oe_test_service_systemd-journald,failed,09fail,./mugen-riscv/logs/systemd/oe_test_service_systemd-journald/2023-08-08-00:20:50.log,
,oe_test_target_local-fs,failed,09fail,./mugen-riscv/logs/systemd/oe_test_target_local-fs/2023-08-08-00:55:53.log,
,oe_test_service_systemd-random-seed,failed,09fail,./mugen-riscv/logs/systemd/oe_test_service_systemd-random-seed/2023-08-08-00:29:43.log,
,oe_test_service_systemd-logind,failed,09fail,./mugen-riscv/logs/systemd/oe_test_service_systemd-logind/2023-08-08-00:25:27.log,
,oe_test_service_systemd-bless-boot,succeed,unknown,./mugen-riscv/logs/systemd/oe_test_service_systemd-bless-boot/2023-08-08-00:15:34.log,
,oe_test_service_systemd-suspend,succeed,unknown,./mugen-riscv/logs/systemd/oe_test_service_systemd-suspend/2023-08-08-00:31:50.log,
,oe_test_target_network-online,failed,09fail,./mugen-riscv/logs/systemd/oe_test_target_network-online/2023-08-08-00:57:36.log,
,oe_test_service_systemd-ask-password-wall,failed,unknown,./mugen-riscv/logs/systemd/oe_test_service_systemd-ask-password-wall/2023-08-08-00:14:50.log,
,oe_test_service_initrd-cleanup,succeed,unknown,./mugen-riscv/logs/systemd/oe_test_service_initrd-cleanup/2023-08-08-00:10:20.log,
,oe_test_target_runlevel0,succeed,unknown,./mugen-riscv/logs/systemd/oe_test_target_runlevel0/2023-08-08-01:02:02.log,
,oe_test_socket_systemd-journal-gatewayd,failed,unknown,./mugen-riscv/logs/systemd/oe_test_socket_systemd-journal-gatewayd/2023-08-08-00:43:59.log,
,oe_test_socket_systemd-udevd-kernel,failed,09fail,./mugen-riscv/logs/systemd/oe_test_socket_systemd-udevd-kernel/2023-08-08-00:47:37.log,
,oe_test_service_systemd-hybrid-sleep,succeed,unknown,./mugen-riscv/logs/systemd/oe_test_service_systemd-hybrid-sleep/2023-08-08-00:18:51.log,
,oe_test_service_dbus-org.freedesktop.locale1,failed,09fail,./mugen-riscv/logs/systemd/oe_test_service_dbus-org.freedesktop.locale1/2023-08-08-00:06:16.log,
,oe_test_service_dbus-org.freedesktop.machine1,failed,09fail,./mugen-riscv/logs/systemd/oe_test_service_dbus-org.freedesktop.machine1/2023-08-08-00:07:23.log,
,oe_test_target_remote-veritysetup,failed,unknown,./mugen-riscv/logs/systemd/oe_test_target_remote-veritysetup/2023-08-08-01:12:55.log,
,oe_test_service_systemd-poweroff,succeed,unknown,./mugen-riscv/logs/systemd/oe_test_service_systemd-poweroff/2023-08-08-00:28:51.log,
,oe_test_socket_systemd-journal-remote,failed,unknown,./mugen-riscv/logs/systemd/oe_test_socket_systemd-journal-remote/2023-08-08-00:44:56.log,
,oe_test_service_systemd-exit,succeed,unknown,./mugen-riscv/logs/systemd/oe_test_service_systemd-exit/2023-08-08-00:16:56.log,
,oe_test_service_systemd-hwdb-update,failed,09fail,./mugen-riscv/logs/systemd/oe_test_service_systemd-hwdb-update/2023-08-08-00:18:15.log,
,oe_test_target_hibernate,succeed,unknown,./mugen-riscv/logs/systemd/oe_test_target_hibernate/2023-08-08-00:53:06.log,
,oe_test_target_network-pre,failed,09fail,./mugen-riscv/logs/systemd/oe_test_target_network-pre/2023-08-08-00:58:10.log,
,oe_test_service_systemd-journal-remote,failed,unknown,./mugen-riscv/logs/systemd/oe_test_service_systemd-journal-remote/2023-08-08-00:22:54.log,
,oe_test_service_systemd-time-wait-sync,failed,09fail,./mugen-riscv/logs/systemd/oe_test_service_systemd-time-wait-sync/2023-08-08-00:34:25.log,
,oe_test_service_systemd-kexec,succeed,unknown,./mugen-riscv/logs/systemd/oe_test_service_systemd-kexec/2023-08-08-00:24:44.log,
,oe_test_service_systemd-networkd-wait-online,failed,unknown,./mugen-riscv/logs/systemd/oe_test_service_systemd-networkd-wait-online/2023-08-08-00:27:34.log,
,oe_test_service_systemd-vconsole-setup,failed,09fail,./mugen-riscv/logs/systemd/oe_test_service_systemd-vconsole-setup/2023-08-08-00:39:08.log,
,oe_test_target_rescue,failed,09fail,./mugen-riscv/logs/systemd/oe_test_target_rescue/2023-08-08-01:01:16.log,
,oe_test_target_initrd-root-fs,failed,09fail,./mugen-riscv/logs/systemd/oe_test_target_initrd-root-fs/2023-08-08-00:54:36.log,
,oe_test_service_systemd-tmpfiles-clean,failed,09fail,./mugen-riscv/logs/systemd/oe_test_service_systemd-tmpfiles-clean/2023-08-08-00:34:59.log,
,oe_test_service_systemd-sysusers,failed,09fail,./mugen-riscv/logs/systemd/oe_test_service_systemd-sysusers/2023-08-08-00:32:42.log,
,oe_test_target_getty,failed,09fail,./mugen-riscv/logs/systemd/oe_test_target_getty/2023-08-08-00:51:46.log,
,oe_test_service_console-getty,failed,unknown,./mugen-riscv/logs/systemd/oe_test_service_console-getty/2023-08-08-00:03:59.log,
,oe_test_target_sockets,failed,09fail,./mugen-riscv/logs/systemd/oe_test_target_sockets/2023-08-08-01:06:41.log,
,oe_test_service_debug-shell,failed,09fail,./mugen-riscv/logs/systemd/oe_test_service_debug-shell/2023-08-08-00:09:13.log,
,oe_test_service_dbus-org.freedesktop.timedate1,failed,09fail,./mugen-riscv/logs/systemd/oe_test_service_dbus-org.freedesktop.timedate1/2023-08-08-00:08:39.log,
,oe_test_service_systemd-userdbd,failed,unknown,./mugen-riscv/logs/systemd/oe_test_service_systemd-userdbd/2023-08-08-01:11:34.log,
,oe_test_target_runlevel5,failed,09fail,./mugen-riscv/logs/systemd/oe_test_target_runlevel5/2023-08-08-01:04:29.log,
,oe_test_service_systemd-timesyncd,failed,09fail,./mugen-riscv/logs/systemd/oe_test_service_systemd-timesyncd/2023-08-08-00:33:52.log,
,oe_test_target_cryptsetup,failed,unknown,./mugen-riscv/logs/systemd/oe_test_target_cryptsetup/2023-08-08-00:49:33.log,
,oe_test_service_systemd-journal-catalog-update,failed,09fail,./mugen-riscv/logs/systemd/oe_test_service_systemd-journal-catalog-update/2023-08-08-00:20:15.log,
,oe_test_service_systemd-pstore,succeed,unknown,./mugen-riscv/logs/systemd/oe_test_service_systemd-pstore/2023-08-08-00:29:00.log,
,oe_test_target_sleep,succeed,unknown,./mugen-riscv/logs/systemd/oe_test_target_sleep/2023-08-08-01:05:57.log,
,oe_test_target_poweroff,succeed,unknown,./mugen-riscv/logs/systemd/oe_test_target_poweroff/2023-08-08-00:59:33.log,
,oe_test_service_systemd-update-utmp,failed,09fail,./mugen-riscv/logs/systemd/oe_test_service_systemd-update-utmp/2023-08-08-00:38:01.log,
,oe_test_service_systemd-machine-id-commit,succeed,unknown,./mugen-riscv/logs/systemd/oe_test_service_systemd-machine-id-commit/2023-08-08-00:26:42.log,
,oe_test_target_swap,failed,09fail,./mugen-riscv/logs/systemd/oe_test_target_swap/2023-08-08-01:07:34.log,
,oe_test_service_ldconfig,failed,09fail,./mugen-riscv/logs/systemd/oe_test_service_ldconfig/2023-08-08-00:11:31.log,
,oe_test_socket_systemd-rfkill,failed,unknown,./mugen-riscv/logs/systemd/oe_test_socket_systemd-rfkill/2023-08-08-00:46:27.log,
,oe_test_service_system-update-cleanup,failed,09fail,./mugen-riscv/logs/systemd/oe_test_service_system-update-cleanup/2023-08-08-00:39:51.log,
,oe_test_service_systemd-udev-settle,failed,09fail,./mugen-riscv/logs/systemd/oe_test_service_systemd-udev-settle/2023-08-08-00:36:34.log,
,oe_test_target_timers,failed,09fail,./mugen-riscv/logs/systemd/oe_test_target_timers/2023-08-08-01:09:29.log,
,oe_test_target_runlevel2,failed,09fail,./mugen-riscv/logs/systemd/oe_test_target_runlevel2/2023-08-08-01:02:48.log,
,oe_test_socket_systemd-coredump,failed,09fail,./mugen-riscv/logs/systemd/oe_test_socket_systemd-coredump/2023-08-08-00:41:07.log,
,oe_test_socket_systemd-journald-dev-log,failed,unknown,./mugen-riscv/logs/systemd/oe_test_socket_systemd-journald-dev-log/2023-08-08-00:42:49.log,
,oe_test_service_systemd-remount-fs,failed,09fail,./mugen-riscv/logs/systemd/oe_test_service_systemd-remount-fs/2023-08-08-00:30:26.log,
,oe_test_service_systemd-user-sessions,failed,09fail,./mugen-riscv/logs/systemd/oe_test_service_systemd-user-sessions/2023-08-08-00:38:35.log,
,oe_test_socket_systemd-journald-audit,failed,09fail,./mugen-riscv/logs/systemd/oe_test_socket_systemd-journald-audit/2023-08-08-00:42:14.log,
,oe_test_target_hybrid-sleep,succeed,unknown,./mugen-riscv/logs/systemd/oe_test_target_hybrid-sleep/2023-08-08-00:53:16.log,
,oe_test_target_rpcbind,failed,09fail,./mugen-riscv/logs/systemd/oe_test_target_rpcbind/2023-08-08-01:01:50.log,
,oe_test_target_basic,failed,09fail,./mugen-riscv/logs/systemd/oe_test_target_basic/2023-08-08-00:48:12.log,
,oe_test_service_systemd-importd,failed,unknown,./mugen-riscv/logs/systemd/oe_test_service_systemd-importd/2023-08-08-00:19:00.log,
,oe_test_target_initrd-root-device,failed,09fail,./mugen-riscv/logs/systemd/oe_test_target_initrd-root-device/2023-08-08-00:54:01.log,
,oe_test_target_system-update-pre,failed,09fail,./mugen-riscv/logs/systemd/oe_test_target_system-update-pre/2023-08-08-01:08:42.log,
,oe_test_target_final,succeed,unknown,./mugen-riscv/logs/systemd/oe_test_target_final/2023-08-08-00:51:02.log,
,oe_test_socket_systemd-networkd,failed,unknown,./mugen-riscv/logs/systemd/oe_test_socket_systemd-networkd/2023-08-08-00:45:53.log,
,oe_test_target_system-update,failed,09fail,./mugen-riscv/logs/systemd/oe_test_target_system-update/2023-08-08-01:08:54.log,
,oe_test_target_usb-gadget,failed,unknown,./mugen-riscv/logs/systemd/oe_test_target_usb-gadget/2023-08-08-01:13:30.log,
,oe_test_service_systemd-rfkill,succeed,unknown,./mugen-riscv/logs/systemd/oe_test_service_systemd-rfkill/2023-08-08-00:31:35.log,
,oe_test_service_systemd-quotacheck,failed,unknown,./mugen-riscv/logs/systemd/oe_test_service_systemd-quotacheck/2023-08-08-00:29:09.log,
,oe_test_target_suspend-then-hibernate,succeed,unknown,./mugen-riscv/logs/systemd/oe_test_target_suspend-then-hibernate/2023-08-08-01:07:25.log,
,oe_test_service_systemd-reboot,succeed,unknown,./mugen-riscv/logs/systemd/oe_test_service_systemd-reboot/2023-08-08-00:30:16.log,
,oe_test_target_remote-fs,failed,09fail,./mugen-riscv/logs/systemd/oe_test_target_remote-fs/2023-08-08-01:00:42.log,
,oe_test_target_remote-cryptsetup,failed,unknown,./mugen-riscv/logs/systemd/oe_test_target_remote-cryptsetup/2023-08-08-00:59:54.log,
,oe_test_service_hwclock-save,failed,09fail,./mugen-riscv/logs/systemd/oe_test_service_hwclock-save/2023-08-08-00:09:47.log,
,oe_test_service_systemd-modules-load,succeed,unknown,./mugen-riscv/logs/systemd/oe_test_service_systemd-modules-load/2023-08-08-00:26:51.log,
,oe_test_target_veritysetup-pre,failed,unknown,./mugen-riscv/logs/systemd/oe_test_target_veritysetup-pre/2023-08-08-01:14:38.log,
,oe_test_service_systemd-update-done,failed,09fail,./mugen-riscv/logs/systemd/oe_test_service_systemd-update-done/2023-08-08-00:37:22.log,
,oe_test_target_paths,failed,09fail,./mugen-riscv/logs/systemd/oe_test_target_paths/2023-08-08-00:58:59.log,
,oe_test_target_runlevel3,failed,09fail,./mugen-riscv/logs/systemd/oe_test_target_runlevel3/2023-08-08-01:03:22.log,
,oe_test_target_initrd-fs,failed,09fail,./mugen-riscv/logs/systemd/oe_test_target_initrd-fs/2023-08-08-00:53:25.log,
,oe_test_service_initrd-udevadm-cleanup-db,succeed,unknown,./mugen-riscv/logs/systemd/oe_test_service_initrd-udevadm-cleanup-db/2023-08-08-00:10:48.log,
,oe_test_service_quotaon,failed,unknown,./mugen-riscv/logs/systemd/oe_test_service_quotaon/2023-08-08-00:12:05.log,
,oe_test_service_initrd-switch-root,succeed,03fail,./mugen-riscv/logs/systemd/oe_test_service_initrd-switch-root/2023-08-08-00:10:40.log,
,oe_test_target_slices,failed,09fail,./mugen-riscv/logs/systemd/oe_test_target_slices/2023-08-08-01:06:07.log,
,oe_test_socket_syslog,failed,unknown,./mugen-riscv/logs/systemd/oe_test_socket_syslog/2023-08-08-00:40:32.log,
,oe_test_service_systemd-journal-gatewayd,failed,unknown,./mugen-riscv/logs/systemd/oe_test_service_systemd-journal-gatewayd/2023-08-08-00:21:59.log,
,oe_test_service_systemd-hibernate,succeed,unknown,./mugen-riscv/logs/systemd/oe_test_service_systemd-hibernate/2023-08-08-00:17:32.log,
,oe_test_target_runlevel1,failed,09fail,./mugen-riscv/logs/systemd/oe_test_target_runlevel1/2023-08-08-01:02:13.log,
,oe_test_socket_systemd-udevd-control,failed,09fail,./mugen-riscv/logs/systemd/oe_test_socket_systemd-udevd-control/2023-08-08-00:47:01.log,
,oe_test_service_systemd-volatile-root,succeed,unknown,./mugen-riscv/logs/systemd/oe_test_service_systemd-volatile-root/2023-08-08-00:39:42.log,
,oe_test_target_sigpwr,failed,09fail,./mugen-riscv/logs/systemd/oe_test_target_sigpwr/2023-08-08-01:05:23.log,
,oe_test_service_kmod-static-nodes,failed,09fail,./mugen-riscv/logs/systemd/oe_test_service_kmod-static-nodes/2023-08-08-00:10:58.log,
,oe_test_service_dbus-org.freedesktop.import1,failed,unknown,./mugen-riscv/logs/systemd/oe_test_service_dbus-org.freedesktop.import1/2023-08-08-00:05:04.log,
,oe_test_service_systemd-hostnamed,failed,09fail,./mugen-riscv/logs/systemd/oe_test_service_systemd-hostnamed/2023-08-08-00:17:42.log,
,oe_test_target_time-sync,failed,09fail,./mugen-riscv/logs/systemd/oe_test_target_time-sync/2023-08-08-01:10:15.log,
,oe_test_target_runlevel6,succeed,unknown,./mugen-riscv/logs/systemd/oe_test_target_runlevel6/2023-08-08-01:05:03.log,
,oe_test_service_systemd-journal-upload,failed,unknown,./mugen-riscv/logs/systemd/oe_test_service_systemd-journal-upload/2023-08-08-00:23:48.log,
,oe_test_service_systemd-update-utmp-runlevel,succeed,unknown,./mugen-riscv/logs/systemd/oe_test_service_systemd-update-utmp-runlevel/2023-08-08-00:37:51.log,
,oe_test_target_graphical,failed,09fail,./mugen-riscv/logs/systemd/oe_test_target_graphical/2023-08-08-00:52:21.log,
,oe_test_service_systemd-firstboot,succeed,unknown,./mugen-riscv/logs/systemd/oe_test_service_systemd-firstboot/2023-08-08-00:17:05.log,
,oe_test_service_systemd-network-generator,succeed,03fail,./mugen-riscv/logs/systemd/oe_test_service_systemd-network-generator/2023-08-08-00:28:08.log,
,oe_test_service_systemd-journal-flush,failed,09fail,./mugen-riscv/logs/systemd/oe_test_service_systemd-journal-flush/2023-08-08-00:21:26.log,
,oe_test_service_systemd-binfmt,succeed,unknown,./mugen-riscv/logs/systemd/oe_test_service_systemd-binfmt/2023-08-08-00:15:25.log,
,oe_test_target_initrd-switch-root,succeed,03fail,./mugen-riscv/logs/systemd/oe_test_target_initrd-switch-root/2023-08-08-00:55:21.log,
,oe_test_service_rc-local,failed,09fail,./mugen-riscv/logs/systemd/oe_test_service_rc-local/2023-08-08-00:13:07.log,
,oe_test_target_local-fs-pre,failed,09fail,./mugen-riscv/logs/systemd/oe_test_target_local-fs-pre/2023-08-08-00:55:41.log,
,oe_test_service_initrd-parse-etc,succeed,unknown,./mugen-riscv/logs/systemd/oe_test_service_initrd-parse-etc/2023-08-08-00:10:30.log,
,oe_test_service_systemd-halt,succeed,unknown,./mugen-riscv/logs/systemd/oe_test_service_systemd-halt/2023-08-08-00:17:23.log,
,oe_test_target_nss-user-lookup,failed,09fail,./mugen-riscv/logs/systemd/oe_test_target_nss-user-lookup/2023-08-08-00:58:47.log,
,oe_test_target_emergency,succeed,unknown,./mugen-riscv/logs/systemd/oe_test_target_emergency/2023-08-08-01:10:48.log,
,oe_test_target_default,failed,09fail,./mugen-riscv/logs/systemd/oe_test_target_default/2023-08-08-00:50:17.log,
,oe_test_socket_systemd-journald,failed,09fail,./mugen-riscv/logs/systemd/oe_test_socket_systemd-journald/2023-08-08-00:43:24.log,
,oe_test_service_rescue,failed,09fail,./mugen-riscv/logs/systemd/oe_test_service_rescue/2023-08-08-00:13:42.log,
,oe_test_target_exit,succeed,unknown,./mugen-riscv/logs/systemd/oe_test_target_exit/2023-08-08-00:50:50.log,
,oe_test_target_reboot,succeed,unknown,./mugen-riscv/logs/systemd/oe_test_target_reboot/2023-08-08-00:59:45.log,
,oe_test_service_systemd-udevd,failed,unknown,./mugen-riscv/logs/systemd/oe_test_service_systemd-udevd/2023-08-08-00:35:59.log,
,oe_test_target_time-set,failed,09fail,./mugen-riscv/logs/systemd/oe_test_target_time-set/2023-08-08-01:10:03.log,
,oe_test_service_systemd-sysctl,failed,09fail,./mugen-riscv/logs/systemd/oe_test_service_systemd-sysctl/2023-08-08-00:32:09.log,
,oe_test_service_systemd-boot-check-no-failures,failed,unknown,./mugen-riscv/logs/systemd/oe_test_service_systemd-boot-check-no-failures/2023-08-08-00:15:43.log,
,oe_test_target_initrd,succeed,unknown,./mugen-riscv/logs/systemd/oe_test_target_initrd/2023-08-08-00:55:12.log,
,oe_test_target_shutdown,succeed,unknown,./mugen-riscv/logs/systemd/oe_test_target_shutdown/2023-08-08-01:05:13.log,
,oe_test_target_multi-user,failed,09fail,./mugen-riscv/logs/systemd/oe_test_target_multi-user/2023-08-08-00:57:02.log,
,oe_test_target_sysinit,failed,09fail,./mugen-riscv/logs/systemd/oe_test_target_sysinit/2023-08-08-01:08:08.log,
,oe_test_service_systemd-sysext,failed,unknown,./mugen-riscv/logs/systemd/oe_test_service_systemd-sysext/2023-08-08-01:10:58.log,
,oe_test_target_network,failed,09fail,./mugen-riscv/logs/systemd/oe_test_target_network/2023-08-08-00:58:22.log,
,oe_test_service_emergency,succeed,unknown,./mugen-riscv/logs/systemd/oe_test_service_emergency/2023-08-08-01:10:39.log,
,oe_test_service_systemd-resolved,failed,unknown,./mugen-riscv/logs/systemd/oe_test_service_systemd-resolved/2023-08-08-00:30:59.log,
,oe_test_service_systemd-fsck-root,succeed,03fail,./mugen-riscv/logs/systemd/oe_test_service_systemd-fsck-root/2023-08-08-00:17:14.log,
,oe_test_target_remote-fs-pre,failed,09fail,./mugen-riscv/logs/systemd/oe_test_target_remote-fs-pre/2023-08-08-01:00:29.log,
,oe_test_socket_systemd-initctl,failed,09fail,./mugen-riscv/logs/systemd/oe_test_socket_systemd-initctl/2023-08-08-00:41:40.log,
,oe_test_target_veritysetup,failed,unknown,./mugen-riscv/logs/systemd/oe_test_target_veritysetup/2023-08-08-01:14:04.log,
,oe_test_target_getty-pre,failed,09fail,./mugen-riscv/logs/systemd/oe_test_target_getty-pre/2023-08-08-00:51:11.log,
,oe_test_service_systemd-ask-password-console,failed,09fail,./mugen-riscv/logs/systemd/oe_test_service_systemd-ask-password-console/2023-08-08-00:14:16.log,
util-linux,oe_test_socket_uuidd,succeed,unknown,./mugen-riscv/logs/util-linux/oe_test_socket_uuidd/2023-08-08-10:50:44.log,
,oe_test_service_uuidd,succeed,unknown,./mugen-riscv/logs/util-linux/oe_test_service_uuidd/2023-08-08-10:49:38.log,
,oe_test_service_fstrim,succeed,unknown,./mugen-riscv/logs/util-linux/oe_test_service_fstrim/2023-08-08-10:49:25.log,
dracut,oe_test_service_dracut-initqueue,succeed,unknown,./mugen-riscv/logs/dracut/oe_test_service_dracut-initqueue/2023-08-08-10:09:46.log,
,oe_test_service_dracut-pre-mount,succeed,unknown,./mugen-riscv/logs/dracut/oe_test_service_dracut-pre-mount/2023-08-08-10:10:07.log,
,oe_test_service_dracut-pre-pivot,succeed,unknown,./mugen-riscv/logs/dracut/oe_test_service_dracut-pre-pivot/2023-08-08-10:10:17.log,
,oe_test_service_dracut-mount,succeed,unknown,./mugen-riscv/logs/dracut/oe_test_service_dracut-mount/2023-08-08-10:09:57.log,
,oe_test_service_dracut-pre-trigger,succeed,unknown,./mugen-riscv/logs/dracut/oe_test_service_dracut-pre-trigger/2023-08-08-10:10:27.log,
,oe_test_service_dracut-cmdline,succeed,unknown,./mugen-riscv/logs/dracut/oe_test_service_dracut-cmdline/2023-08-08-10:09:36.log,
,oe_test_service_dracut-pre-udev,succeed,unknown,./mugen-riscv/logs/dracut/oe_test_service_dracut-pre-udev/2023-08-08-10:10:37.log,
,oe_test_service_dracut-shutdown,succeed,03fail,./mugen-riscv/logs/dracut/oe_test_service_dracut-shutdown/2023-08-08-10:10:47.log,
open-iscsi,oe_test_service_iscsi,succeed,unknown,./mugen-riscv/logs/open-iscsi/oe_test_service_iscsi/2023-08-08-18:54:50.log,
,oe_test_service_iscsid,succeed,03fail,./mugen-riscv/logs/open-iscsi/oe_test_service_iscsid/2023-08-08-18:53:35.log,
,oe_test_socket_iscsiuio,succeed,03fail,./mugen-riscv/logs/open-iscsi/oe_test_socket_iscsiuio/2023-08-08-18:58:39.log,
,oe_test_socket_iscsid,succeed,unknown,./mugen-riscv/logs/open-iscsi/oe_test_socket_iscsid/2023-08-08-18:57:24.log,
,oe_test_service_iscsiuio,failed,unknown,./mugen-riscv/logs/open-iscsi/oe_test_service_iscsiuio/2023-08-08-18:56:05.log,
,oe_test_open-iscsi_iscsistart_iscsiuio,failed,unknown,./mugen-riscv/logs/open-iscsi/oe_test_open-iscsi_iscsistart_iscsiuio/2023-08-08-18:52:08.log,
,oe_test_open-iscsi_iscsiadm,failed,unknown,./mugen-riscv/logs/open-iscsi/oe_test_open-iscsi_iscsiadm/2023-08-08-18:47:32.log,
rdma-core,oe_test_service_srp_daemon,succeed,unknown,./mugen-riscv/logs/rdma-core/oe_test_service_srp_daemon/2023-08-08-11:13:12.log,
,oe_test_socket_ibacm,succeed,03fail,./mugen-riscv/logs/rdma-core/oe_test_socket_ibacm/2023-08-08-11:14:27.log,
